Name,Code,Barcode Symbology,Brand,Category Code,Unit Code,Sale Unit Code, Purchase Unit Code,Cost,Price,Alert Quantity, Tax Rate Name,Tax Method,Image,Subcategory Code,Product Variants Separated by |,Custom Field 1,Custom Field 2,Custom Field 3,Custom Field 4,Custom Field 5,Custom Field 6,HSN Code,Secondary Name,Details,Invoice Details,Supplier Name,Supplier Part No,Supplier Price,Supplier 2 Name,Supplier 2 Part No,Supplier 2 Price,Supplier 3 Name,Supplier 3 Part No,Supplier 3 Price,Supplier 4 Name,Supplier 4 Part No,Supplier 4 Price,Supplier 5 Name,Supplier 5 Part No,Supplier 5 Price
Monchou Tuna Shrimp,8858786705914,code128,,Food,pcs,pcs,pcs,0.58,1,,,,8858786705914.jpg,,,,,,,,,,,,,,,,,,,,,,,,,,,
Monchou Tuna Seabream,8858786705945,code128,,Food,pcs,pcs,pcs,0.53,1,,,,8858786705945.jpg,,,,,,,,,,,,,,,,,,,,,,,,,,,
Monchou Mackerel Grouper,8858786706003,code128,,Food,pcs,pcs,pcs,0.53,1,,,,8858786706003.jpg,,,,,,,,,,,,,,,,,,,,,,,,,,,
Monchou Chicken Tuna,8858786706034,code128,,Food,pcs,pcs,pcs,0.53,1,,,,8858786706034.jpg,,,,,,,,,,,,,,,,,,,,,,,,,,,
Monchou Tuna Salmon,8858786706096,code128,,Food,pcs,pcs,pcs,0.58,1,,,,8858786706096.jpg,,,,,,,,,,,,,,,,,,,,,,,,,,,
Monchou Kitten Mackerel Tuna,8858786709615,code128,,Food,pcs,pcs,pcs,0.47,1,,,,8858786709615.jpg,,,,,,,,,,,,,,,,,,,,,,,,,,,
Monchou Kitten Tuna Dory,8858786710130,code128,,Food,pcs,pcs,pcs,0.58,1,,,,8858786710130.jpg,,,,,,,,,,,,,,,,,,,,,,,,,,,
Monchou Tuna Mousse,8858786710192,code128,,Food,pcs,pcs,pcs,0.53,1,,,,8858786710192.jpg,,,,,,,,,,,,,,,,,,,,,,,,,,,
Dok Dok Pee Pad 45*60cm,8858788700467,code128,,Daily Used,pcs,pcs,pcs,6.5,8,,,,8858788700467.jpg,,,,,,,,,,,,,,,,,,,,,,,,,,,
Dok Dok Pee Pad 33*45cm,8858788700474,code128,,Daily Used,pcs,pcs,pcs,6.5,8,,,,8858788700474.jpg,,,,,,,,,,,,,,,,,,,,,,,,,,,
My Cat Cat litter Apple 5L,8858788702508,code128,,Shampoo,pcs,pcs,pcs,4.85,5.5,,,,8858788702508.jpg,,,,,,,,,,,,,,,,,,,,,,,,,,,
My Cat Cat litter Lemon 5L,8858788702515,code128,,Shampoo,pcs,pcs,pcs,4.85,5.5,,,,8858788702515.jpg,,,,,,,,,,,,,,,,,,,,,,,,,,,
My Cat Cat litter Apple 10L,8858788702546,code128,,Shampoo,pcs,pcs,pcs,9.25,10,,,,8858788702546.jpg,,,,,,,,,,,,,,,,,,,,,,,,,,,
My Cat Cat litter Lemon 10L,8858788702553,code128,,Shampoo,pcs,pcs,pcs,9.25,10,,,,8858788702553.jpg,,,,,,,,,,,,,,,,,,,,,,,,,,,
MunzNie S Dental Bone Beef,8858979700047,code128,,Food,pcs,pcs,pcs,0.4,0.75,,,,8858979700047.jpg,,,,,,,,,,,,,,,,,,,,,,,,,,,
MunzNie L Dental Bone Beef,8858979700061,code128,,Food,pcs,pcs,pcs,0.85,1.75,,,,8858979700061.jpg,,,,,,,,,,,,,,,,,,,,,,,,,,,
MunzNie S Dental Bone Chicken,8858979700078,code128,,Food,pcs,pcs,pcs,0.4,0.75,,,,8858979700078.jpg,,,,,,,,,,,,,,,,,,,,,,,,,,,
MunzNie L Dental Bone Chicken,8858979700092,code128,,Food,pcs,pcs,pcs,0.85,1.75,,,,8858979700092.jpg,,,,,,,,,,,,,,,,,,,,,,,,,,,
#15 MunzNie Crocgy Beef S,8858979700283,code128,,Food,pcs,pcs,pcs,0.37,0.75,,,,8858979700283.jpg,,,,,,,,,,,,,,,,,,,,,,,,,,,
#15 MunzNie Crocgy Chicken S,8858979700290,code128,,Food,pcs,pcs,pcs,0.37,0.75,,,,8858979700290.jpg,,,,,,,,,,,,,,,,,,,,,,,,,,,
MunzNie Crocgy Beef Big,8858979700313,code128,,Food,pcs,pcs,pcs,0.75,1.5,,,,8858979700313.jpg,,,,,,,,,,,,,,,,,,,,,,,,,,,
MunzNie Crocgy Chicken Big,8858979700320,code128,,Food,pcs,pcs,pcs,0.75,1.5,,,,8858979700320.jpg,,,,,,,,,,,,,,,,,,,,,,,,,,,
#16 MunzNie Crocgy Milk S,8858979700344,code128,,Food,pcs,pcs,pcs,0.37,0.75,,,,8858979700344.jpg,,,,,,,,,,,,,,,,,,,,,,,,,,,
MunzNie Crocgy Milk Big,8858979700351,code128,,Food,pcs,pcs,pcs,0.75,1.5,,,,8858979700351.jpg,,,,,,,,,,,,,,,,,,,,,,,,,,,
MunzNie S Dental Bone Milk,8858979700436,code128,,Food,pcs,pcs,pcs,0.4,0.75,,,,8858979700436.jpg,,,,,,,,,,,,,,,,,,,,,,,,,,,
MunzNie L Dental Bone Milk,8858979700450,code128,,Food,pcs,pcs,pcs,0.85,1.75,,,,8858979700450.jpg,,,,,,,,,,,,,,,,,,,,,,,,,,,
MunzNie Jumbo Size Dental Bone Beef,8858979700474,code128,,Food,pcs,pcs,pcs,1.2,2.5,,,,8858979700474.jpg,,,,,,,,,,,,,,,,,,,,,,,,,,,
MunzNie Jumbo Size Dental Bone Chicken,8858979700481,code128,,Food,pcs,pcs,pcs,1.2,2.5,,,,8858979700481.jpg,,,,,,,,,,,,,,,,,,,,,,,,,,,
MunzNie Jumbo Size Dental Bone Milk,8858979700504,code128,,Food,pcs,pcs,pcs,1.2,2.5,,,,8858979700504.jpg,,,,,,,,,,,,,,,,,,,,,,,,,,,
#5 MunzNie,8858979700962,code128,,Food,pcs,pcs,pcs,0.51,1.5,,,,8858979700962.jpg,,,,,,,,,,,,,,,,,,,,,,,,,,,
#7 MunzNie,8858979701013,code128,,Food,pcs,pcs,pcs,0.6,1.5,,,,8858979701013.jpg,,,,,,,,,,,,,,,,,,,,,,,,,,,
#4 MunzNie,8858979701020,code128,,Food,pcs,pcs,pcs,0.65,1.5,,,,8858979701020.jpg,,,,,,,,,,,,,,,,,,,,,,,,,,,
#1 MunzNie ,8858979701044,code128,,Food,pcs,pcs,pcs,0.9,1.5,,,,8858979701044.jpg,,,,,,,,,,,,,,,,,,,,,,,,,,,
MunzNie Bone 30cm,8858979701174,code128,,Food,pcs,pcs,pcs,3,4.5,,,,no_image.png,,,,,,,,,,,,,,,,,,,,,,,,,,,
#2 MunzNie,8858979701396,code128,,Food,pcs,pcs,pcs,0.65,1.5,,,,8858979701396.jpg,,,,,,,,,,,,,,,,,,,,,,,,,,,
#8 MunzNie,8858979701426,code128,,Food,pcs,pcs,pcs,0.46,1.5,,,,8858979701426.jpg,,,,,,,,,,,,,,,,,,,,,,,,,,,
#6 MunzNie,8858979701440,code128,,Food,pcs,pcs,pcs,0.46,1.5,,,,8858979701440.jpg,,,,,,,,,,,,,,,,,,,,,,,,,,,
#9 MunzNie,8858979701488,code128,,Food,pcs,pcs,pcs,0.51,1.5,,,,8858979701488.jpg,,,,,,,,,,,,,,,,,,,,,,,,,,,
#3 MunzNie,8858979701525,code128,,Food,pcs,pcs,pcs,0.51,1.5,,,,8858979701525.jpg,,,,,,,,,,,,,,,,,,,,,,,,,,,
#13 MunzNie,8858979701723,code128,,Food,pcs,pcs,pcs,0.66,2,,,,8858979701723.jpg,,,,,,,,,,,,,,,,,,,,,,,,,,,
#14 MunzNie,8858979701754,code128,,Food,pcs,pcs,pcs,0,2,,,,8858979701754.jpg,,,,,,,,,,,,,,,,,,,,,,,,,,,
#20 MunzNie ចំណិតសាច់មាន់,8858979701785,code128,,Food,pcs,pcs,pcs,4.1,6,,,,8858979701785.jpg,,,,,,,,,,,,,,,,,,,,,,,,,,,
#19 MunzNie ឆ្អឹងតូច 6cm,8858979701822,code128,,Food,pcs,pcs,pcs,4.31,6,,,,8858979701822.jpg,,,,,,,,,,,,,,,,,,,,,,,,,,,
#18 MunzNie ឆ្អឹងកណ្តាល 10cm,8858979701839,code128,,Food,pcs,pcs,pcs,4.31,6,,,,8858979701839.jpg,,,,,,,,,,,,,,,,,,,,,,,,,,,
#10 MunzNie,8858979701846,code128,,Food,pcs,pcs,pcs,2.7,3,,,,8858979701846.jpg,,,,,,,,,,,,,,,,,,,,,,,,,,,
#11 MunzNie,8858979701853,code128,,Food,pcs,pcs,pcs,2.7,3,,,,8858979701853.jpg,,,,,,,,,,,,,,,,,,,,,,,,,,,
#12 MunzNie,8858979701952,code128,,Food,pcs,pcs,pcs,2.7,3,,,,8858979701952.jpg,,,,,,,,,,,,,,,,,,,,,,,,,,,
#17 MunzNie ឆ្អឹងធំ 15cm,8858979702003,code128,,Food,pcs,pcs,pcs,4.4,6,,,,8858979702003.jpg,,,,,,,,,,,,,,,,,,,,,,,,,,,
#23 MunzNie សាច់មាន់dumbell ,8858979702034,code128,,Food,pcs,pcs,pcs,4.9,6.5,,,,8858979702034.jpg,,,,,,,,,,,,,,,,,,,,,,,,,,,
#21 MunzNie ដើមសាច់មាន់,8858979702041,code128,,Food,pcs,pcs,pcs,4.9,6.5,,,,8858979702041.jpg,,,,,,,,,,,,,,,,,,,,,,,,,,,
#22 MunzNie សាច់មាន់រុំដើមទឹកដោះគោ,8858979702065,code128,,Food,pcs,pcs,pcs,4.9,6.5,,,,8858979702065.jpg,,,,,,,,,,,,,,,,,,,,,,,,,,,
នំទឹកដៅះពពែគ្រាប់ឆ្អឹង ថង់ផ្ទៃមេឃ Goat Milk Series,8858979702249,code128,,Food,pcs,pcs,pcs,2.9,4.5,,,,8858979702249.jpg,,,,,,,,,,,,,,,,,,,,,,,,,,,
នំទឹកដៅះពពែដើមវែង ថង់ផ្ទៃមេឃ Goat Milk Series,8858979702256,code128,,Food,pcs,pcs,pcs,2.9,4.5,,,,8858979702256.jpg,,,,,,,,,,,,,,,,,,,,,,,,,,,
នំទឹកដៅះពពែដើមជ្រុង ថង់ផ្ទៃមេឃ Goat Milk Series,8858979702263,code128,,Food,pcs,pcs,pcs,2.5,4.5,,,,8858979702263.jpg,,,,,,,,,,,,,,,,,,,,,,,,,,,
នំទឹកដៅះពពែដើមគួច ថង់ផ្ទៃមេឃ Goat Milk Series,8858979702270,code128,,Food,pcs,pcs,pcs,2.9,4.5,,,,8858979702270.jpg,,,,,,,,,,,,,,,,,,,,,,,,,,,
Goat Milk Series 400g,8858979703123,code128,,Food,pcs,pcs,pcs,1.68,2.4,,,,8858979703123.jpg,,,,,,,,,,,,,,,,,,,,,,,,,,,
Bok Bok Dried Fish,8858987308013,code128,,Food,pcs,pcs,pcs,0.73,1.75,,,,8858987308013.jpg,,,,,,,,,,,,,,,,,,,,,,,,,,,
Bok Bok Mini Jerky,8858987308020,code128,,Food,pcs,pcs,pcs,0.73,1.75,,,,8858987308020.jpg,,,,,,,,,,,,,,,,,,,,,,,,,,,
Bok Bok Cat Powder,8858987308037,code128,,Food,pcs,pcs,pcs,0.73,1.75,,,,8858987308037.jpg,,,,,,,,,,,,,,,,,,,,,,,,,,,
Bok Bok Tuna Shrimp,8858987308044,code128,,Food,pcs,pcs,pcs,0.73,1.75,,,,8858987308044.jpg,,,,,,,,,,,,,,,,,,,,,,,,,,,
Bok Bok Salmon Crab,8858987308051,code128,,Food,pcs,pcs,pcs,0.73,1.75,,,,8858987308051.jpg,,,,,,,,,,,,,,,,,,,,,,,,,,,
Bok Bok Snapper Crab,8858987308068,code128,,Food,pcs,pcs,pcs,0.73,1.75,,,,8858987308068.jpg,,,,,,,,,,,,,,,,,,,,,,,,,,,
Bok Bok Catnip,8858987309010,code128,,Food,pcs,pcs,pcs,0.73,1.75,,,,8858987309010.jpg,,,,,,,,,,,,,,,,,,,,,,,,,,,
Bok Bok Matatabi,8858987309027,code128,,Food,pcs,pcs,pcs,0.73,1.75,,,,8858987309027.jpg,,,,,,,,,,,,,,,,,,,,,,,,,,,
Dog n Joy Dentcare Banana,8859104006195,code128,,Food,pcs,pcs,pcs,0.92,1.5,,,,8859104006195.jpg,,,,,,,,,,,,,,,,,,,,,,,,,,,
Dog n Joy Dentcare Apple,8859104006201,code128,,Food,pcs,pcs,pcs,0.92,1.5,,,,8859104006201.jpg,,,,,,,,,,,,,,,,,,,,,,,,,,,
Dog n Joy Dentcare Carrot,8859104006218,code128,,Food,pcs,pcs,pcs,0.9,1.5,,,,8859104006218.jpg,,,,,,,,,,,,,,,,,,,,,,,,,,,
Dog n Joy Dentcare Strawberry,8859104006225,code128,,Food,pcs,pcs,pcs,0.9,1.5,,,,8859104006225.jpg,,,,,,,,,,,,,,,,,,,,,,,,,,,
Petosan Cat Litter Apple,8859104500037,code128,,Shampoo,pcs,pcs,pcs,2.6,4.85,,,,8859104500037.jpg,,,,,,,,,,,,,,,,,,,,,,,,,,,
Petosan 10L Cat Litter Apple,8859104500044,code128,,Shampoo,pcs,pcs,pcs,5.2,8.5,,,,8859104500044.jpg,,,,,,,,,,,,,,,,,,,,,,,,,,,
Petosan Cat Litter Orange,8859104500174,code128,,Shampoo,pcs,pcs,pcs,2.6,4.85,,,,8859104500174.jpg,,,,,,,,,,,,,,,,,,,,,,,,,,,
Petosan 10L Cat Litter Orange,8859104500181,code128,,Shampoo,pcs,pcs,pcs,5.2,8.5,,,,8859104500181.jpg,,,,,,,,,,,,,,,,,,,,,,,,,,,
Petosan Cat Litter Coffee,8859104500266,code128,,Shampoo,pcs,pcs,pcs,2.6,4.85,,,,8859104500266.jpg,,,,,,,,,,,,,,,,,,,,,,,,,,,
Petosan 10L Cat Litter Coffee,8859104500273,code128,,Shampoo,pcs,pcs,pcs,5.2,8.5,,,,8859104500273.jpg,,,,,,,,,,,,,,,,,,,,,,,,,,,
Petosan Cat Litter Blackcurrant ,8859104500310,code128,,Shampoo,pcs,pcs,pcs,2.6,4.85,,,,8859104500310.jpg,,,,,,,,,,,,,,,,,,,,,,,,,,,
Petosan Cat Litter Sakura,8859104500341,code128,,Shampoo,pcs,pcs,pcs,2.6,4.85,,,,8859104500341.jpg,,,,,,,,,,,,,,,,,,,,,,,,,,,
Petosan 10L Cat Litter Sakura,8859104500358,code128,,Shampoo,pcs,pcs,pcs,5.2,8.5,,,,8859104500358.jpg,,,,,,,,,,,,,,,,,,,,,,,,,,,
Petosan Cat Litter Extreme,8859104500365,code128,,Shampoo,pcs,pcs,pcs,2.6,4.85,,,,8859104500365.jpg,,,,,,,,,,,,,,,,,,,,,,,,,,,
Petosan 10L Cat Litter Extreme,8859104500372,code128,,Shampoo,pcs,pcs,pcs,5.2,8.5,,,,8859104500372.jpg,,,,,,,,,,,,,,,,,,,,,,,,,,,
Petosan 10 L Cat Litter Blackcurrant,8859104500389,code128,,Shampoo,pcs,pcs,pcs,5.2,8.5,,,,8859104500389.jpg,,,,,,,,,,,,,,,,,,,,,,,,,,,
Cotton Bud S,8859130299961,code128,,Daily Used,pcs,pcs,pcs,0.68,3,,,,no_image.png,,,,,,,,,,,,,,,,,,,,,,,,,,,
Cotton Bud M,8859130299962,code128,,Daily Used,pcs,pcs,pcs,0.7,3,,,,no_image.png,,,,,,,,,,,,,,,,,,,,,,,,,,,
Cotton Bud L,8859130299963,code128,,Daily Used,pcs,pcs,pcs,0.72,3,,,,no_image.png,,,,,,,,,,,,,,,,,,,,,,,,,,,
Nekko បបរឆ្មារ Tuna in Jelly,8859160400098,code128,,Food,pcs,pcs,pcs,0.42,0.7,,,,8859160400098.jpg,,,,,,,,,,,,,,,,,,,,,,,,,,,
Nekko បបរឆ្មារ Tuna Sasami ,8859160400104,code128,,Food,pcs,pcs,pcs,0.4,0.7,,,,8859160400104.jpg,,,,,,,,,,,,,,,,,,,,,,,,,,,
Nekko បបរឆ្មារ Kanikama,8859160400111,code128,,Food,pcs,pcs,pcs,0.42,0.7,,,,8859160400111.jpg,,,,,,,,,,,,,,,,,,,,,,,,,,,
Nekko បបរឆ្មារ Katsuobushi ,8859160400128,code128,,Food,pcs,pcs,pcs,0.42,0.7,,,,8859160400128.jpg,,,,,,,,,,,,,,,,,,,,,,,,,,,
Toro Creamy Green,8859160400272,code128,,Food,pcs,pcs,pcs,1,2,,,,no_image.png,,,,,,,,,,,,,,,,,,,,,,,,,,,
Nekko Tuna Cheese,8859160400319,code128,,Food,pcs,pcs,pcs,0.42,0.7,,,,8859160400319.jpg,,,,,,,,,,,,,,,,,,,,,,,,,,,
Nekko Tuna Seaweed,8859160400326,code128,,Food,pcs,pcs,pcs,0.42,0.7,,,,8859160400326.jpg,,,,,,,,,,,,,,,,,,,,,,,,,,,
Nekko Tuna Shirasu,8859160400333,code128,,Food,pcs,pcs,pcs,0.42,0.7,,,,8859160400333.jpg,,,,,,,,,,,,,,,,,,,,,,,,,,,
Nekko បបរឆ្មារ Shrimp Scallop in Jelly ,8859160400340,code128,,Food,pcs,pcs,pcs,0.42,0.7,,,,8859160400340.jpg,,,,,,,,,,,,,,,,,,,,,,,,,,,
Nekko Kitten បបរឆ្មារ Chicken Mousse,8859160400432,code128,,Food,pcs,pcs,pcs,0.42,0.7,,,,8859160400432.jpg,,,,,,,,,,,,,,,,,,,,,,,,,,,
Nekko Kitten បបរឆ្មារ Tuna Mousse,8859160400449,code128,,Food,pcs,pcs,pcs,0.42,0.7,,,,8859160400449.jpg,,,,,,,,,,,,,,,,,,,,,,,,,,,
Hong Hong សាច់កំប៉ុង Beef and Liver,8859160400531,code128,,Food,pcs,pcs,pcs,0.88,1.4,,,,8859160400531.jpg,,,,,,,,,,,,,,,,,,,,,,,,,,,
Hong Hong សាច់កំប៉ុង Chucky Beef in Gravy ,8859160400555,code128,,Food,pcs,pcs,pcs,0.88,1.4,,,,8859160400555.jpg,,,,,,,,,,,,,,,,,,,,,,,,,,,
Hong Hong សាច់កំប៉ុង Lamb,8859160400562,code128,,Food,pcs,pcs,pcs,0.88,1.4,,,,8859160400562.jpg,,,,,,,,,,,,,,,,,,,,,,,,,,,
Meow Meow ត្រីកំប៉ុង,8859160400579,code128,,Food,pcs,pcs,pcs,0.87,1.4,,,,8859160400579.jpg,,,,,,,,,,,,,,,,,,,,,,,,,,,
Meow Meow ត្រីកំប៉ុង,8859160400586,code128,,Food,pcs,pcs,pcs,0.87,1.4,,,,8859160400586.jpg,,,,,,,,,,,,,,,,,,,,,,,,,,,
Nekko បបរឆ្មារ Shrimp Scallop in Gravy,8859160400791,code128,,Food,pcs,pcs,pcs,0.41,0.7,,,,8859160400791.jpg,,,,,,,,,,,,,,,,,,,,,,,,,,,
Nekko បបរឆ្មារ Salmon in Gravy,8859160400814,code128,,Food,pcs,pcs,pcs,0.42,0.7,,,,8859160400814.jpg,,,,,,,,,,,,,,,,,,,,,,,,,,,
Toro Creamy Purple,8859160400920,code128,,Food,pcs,pcs,pcs,1,2,,,,no_image.png,,,,,,,,,,,,,,,,,,,,,,,,,,,
Nekko Kitten បបរឆ្មារ Tuna Mousse with Goat Milk,8859160400975,code128,,Food,pcs,pcs,pcs,0.47,0.7,,,,8859160400975.jpg,,,,,,,,,,,,,,,,,,,,,,,,,,,
Nekko Kitten បបរឆ្មារ Tuna Mousse with Salmon,8859160400982,code128,,Food,pcs,pcs,pcs,0.42,0.7,,,,8859160400982.jpg,,,,,,,,,,,,,,,,,,,,,,,,,,,
Toro Creamy Tuna Tuna Plus Fiber,8859160401019,code128,,Food,pcs,pcs,pcs,4.3,7,,,,8859160401019.jpg,,,,,,,,,,,,,,,,,,,,,,,,,,,
Toro Creamy Tuna and Katsuobushi,8859160401026,code128,,Food,pcs,pcs,pcs,4.3,7,,,,8859160401026.jpg,,,,,,,,,,,,,,,,,,,,,,,,,,,
Toro Creamy Tuna and Salmon,8859160401033,code128,,Food,pcs,pcs,pcs,4.3,7,,,,8859160401033.jpg,,,,,,,,,,,,,,,,,,,,,,,,,,,
Meow Meow Pouch Tuna,8859160401057,code128,,Food,pcs,pcs,pcs,0.3,0.6,,,,8859160401057.jpg,,,,,,,,,,,,,,,,,,,,,,,,,,,
Meow Meow Pouch Tuna Chicken,8859160401064,code128,,Food,pcs,pcs,pcs,0.3,0.6,,,,8859160401064.jpg,,,,,,,,,,,,,,,,,,,,,,,,,,,
Meow Meow Pouch Mackerel,8859160401071,code128,,Food,pcs,pcs,pcs,0.3,0.6,,,,8859160401071.jpg,,,,,,,,,,,,,,,,,,,,,,,,,,,
Meow Meow Pouch Ocean Fish,8859160401088,code128,,Food,pcs,pcs,pcs,0.3,0.6,,,,8859160401088.jpg,,,,,,,,,,,,,,,,,,,,,,,,,,,
Meow Meow Orange ត្រីកំប៉ុង,8859160401231,code128,,Food,pcs,pcs,pcs,0.87,1.4,,,,8859160401231.jpg,,,,,,,,,,,,,,,,,,,,,,,,,,,
Meow Meow Green ត្រីកំប៉ុង,8859160401248,code128,,Food,pcs,pcs,pcs,0.87,1.4,,,,8859160401248.jpg,,,,,,,,,,,,,,,,,,,,,,,,,,,
Meow Meow Red ត្រីកំប៉ុង,8859160401255,code128,,Food,pcs,pcs,pcs,0.87,1.4,,,,8859160401255.jpg,,,,,,,,,,,,,,,,,,,,,,,,,,,
Meow Meow Purple ត្រីកំប៉ុង,8859160401262,code128,,Food,pcs,pcs,pcs,0.87,1.4,,,,8859160401262.jpg,,,,,,,,,,,,,,,,,,,,,,,,,,,
Nekko senior 7+ បបរឆ្មារ Chicken in Jelly,8859160401286,code128,,Food,pcs,pcs,pcs,0.5,0.7,,,,8859160401286.jpg,,,,,,,,,,,,,,,,,,,,,,,,,,,
Nekko Senior 7+ បបរឆ្មារ Katsuobushi,8859160401309,code128,,Food,pcs,pcs,pcs,0.5,0.7,,,,8859160401309.jpg,,,,,,,,,,,,,,,,,,,,,,,,,,,
Nekko Love Mix 400g Tuna Maguro,8859160401514,code128,,Food,pcs,pcs,pcs,2.5,3.5,,,,8859160401514.jpg,,,,,,,,,,,,,,,,,,,,,,,,,,,
Nekko Love Mix 400g Salmon,8859160401521,code128,,Food,pcs,pcs,pcs,2.5,3.5,,,,8859160401521.jpg,,,,,,,,,,,,,,,,,,,,,,,,,,,
Nekko Love Mix 400g Kitten,8859160401538,code128,,Food,pcs,pcs,pcs,2.5,3.5,,,,8859160401538.jpg,,,,,,,,,,,,,,,,,,,,,,,,,,,
Nekko Love Mix 1.2kg Tuna Maguro,8859160401545,code128,,Food,pcs,pcs,pcs,6.1,6.5,,,,8859160401545.jpg,,,,,,,,,,,,,,,,,,,,,,,,,,,
Nekko Love Mix 1.2kg Salmon,8859160401552,code128,,Food,pcs,pcs,pcs,6.1,6.5,,,,8859160401552.jpg,,,,,,,,,,,,,,,,,,,,,,,,,,,
Nekko Love Mix 1.2kg Kitten,8859160401569,code128,,Food,pcs,pcs,pcs,6.1,6.5,,,,8859160401569.jpg,,,,,,,,,,,,,,,,,,,,,,,,,,,
Nekko Love Mix 3kg Tuna Maguro,8859160401576,code128,,Food,pcs,pcs,pcs,12.2,14,,,,8859160401576.jpg,,,,,,,,,,,,,,,,,,,,,,,,,,,
Nekko Love Mix 3kg Salmon Tuna,8859160401583,code128,,Food,pcs,pcs,pcs,12.2,14,,,,8859160401583.jpg,,,,,,,,,,,,,,,,,,,,,,,,,,,
Toro Super Premium Tuna ,8859160401750,code128,,Food,pcs,pcs,pcs,0.66,1,,,,8859160401750.jpg,,,,,,,,,,,,,,,,,,,,,,,,,,,
Toro Super Premium Tuna in Scallop,8859160401774,code128,,Food,pcs,pcs,pcs,0.85,1,,,,8859160401774.jpg,,,,,,,,,,,,,,,,,,,,,,,,,,,
Toro Super Premium Blue ,8859160401804,code128,,Food,pcs,pcs,pcs,0.66,1,,,,8859160401804.jpg,,,,,,,,,,,,,,,,,,,,,,,,,,,
Toro Vitamin Orange,8859160401897,code128,,Food,pcs,pcs,pcs,1.17,2.25,,,,8859160401897.jpg,,,,,,,,,,,,,,,,,,,,,,,,,,,
Toro Vitamin Pink,8859160401903,code128,,Food,pcs,pcs,pcs,1.17,2.25,,,,8859160401903.jpg,,,,,,,,,,,,,,,,,,,,,,,,,,,
Toro Vitamin Purple,8859160401910,code128,,Food,pcs,pcs,pcs,1.17,2.25,,,,8859160401910.jpg,,,,,,,,,,,,,,,,,,,,,,,,,,,
Toro Vitamin Red,8859160401965,code128,,Food,pcs,pcs,pcs,1.17,2.25,,,,8859160401965.jpg,,,,,,,,,,,,,,,,,,,,,,,,,,,
Toro Vitamin Green,8859160401972,code128,,Food,pcs,pcs,pcs,1.17,2.25,,,,8859160401972.jpg,,,,,,,,,,,,,,,,,,,,,,,,,,,
Toro Vitamin Blue,8859160401989,code128,,Food,pcs,pcs,pcs,1.17,2.25,,,,8859160401989.jpg,,,,,,,,,,,,,,,,,,,,,,,,,,,
Hong Hong សាច់កំប៉ុង Chucky Turkey in Gravy ,8859160402009,code128,,Food,pcs,pcs,pcs,0.88,1.4,,,,8859160402009.jpg,,,,,,,,,,,,,,,,,,,,,,,,,,,
Hong Hong សាច់កំប៉ុង Chucky Liver in Gravy ,8859160402016,code128,,Food,pcs,pcs,pcs,0.88,1.4,,,,8859160402016.jpg,,,,,,,,,,,,,,,,,,,,,,,,,,,
Meow Meow Pouch Tuna Salmon,8859160402306,code128,,Food,pcs,pcs,pcs,0.3,0.6,,,,8859160402306.jpg,,,,,,,,,,,,,,,,,,,,,,,,,,,
Meow Meow Pouch Seafood Cocktail,8859160402313,code128,,Food,pcs,pcs,pcs,0.3,0.6,,,,8859160402313.jpg,,,,,,,,,,,,,,,,,,,,,,,,,,,
Meow Meow Pouch Kitten Tuna Chicken,8859160402320,code128,,Food,pcs,pcs,pcs,0.3,0.6,,,,8859160402320.jpg,,,,,,,,,,,,,,,,,,,,,,,,,,,
Meow Meow Pouch Kitten Tuna Chicken,8859160402337,code128,,Food,pcs,pcs,pcs,0.3,0.6,,,,8859160402337.jpg,,,,,,,,,,,,,,,,,,,,,,,,,,,
Hong Hong Puppy Chicken Goat Milk Egg ចំណីសើម,8859160402344,code128,,Food,pcs,pcs,pcs,0.31,1.25,,,,8859160402344.jpg,,,,,,,,,,,,,,,,,,,,,,,,,,,
Hong Hong Puppy Chicken Liver ចំណីសើម,8859160402351,code128,,Food,pcs,pcs,pcs,0.31,1.25,,,,8859160402351.jpg,,,,,,,,,,,,,,,,,,,,,,,,,,,
Hong Hong Adult Beef Chunk ចំណីសើម,8859160402368,code128,,Food,pcs,pcs,pcs,0.38,1.25,,,,8859160402368.jpg,,,,,,,,,,,,,,,,,,,,,,,,,,,
Hong Hong Adult Lamb ចំណីសើម,8859160402375,code128,,Food,pcs,pcs,pcs,0.31,1.25,,,,8859160402375.jpg,,,,,,,,,,,,,,,,,,,,,,,,,,,
Hong Hong Adult Chicken&Liver ចំណីសើម,8859160402382,code128,,Food,pcs,pcs,pcs,0.31,1.25,,,,8859160402382.jpg,,,,,,,,,,,,,,,,,,,,,,,,,,,
Hong Hong Adult Chicken Vegetable ចំណីសើម,8859160402399,code128,,Food,pcs,pcs,pcs,0.6,1.25,,,,8859160402399.jpg,,,,,,,,,,,,,,,,,,,,,,,,,,,
Hong Hong Adult Beef&Liver ចំណីសើម,8859160402405,code128,,Food,pcs,pcs,pcs,0.38,1.25,,,,8859160402405.jpg,,,,,,,,,,,,,,,,,,,,,,,,,,,
Hong Hong Adult Chicken Liver ចំណីសើម,8859160402412,code128,,Food,pcs,pcs,pcs,0.38,1.25,,,,8859160402412.jpg,,,,,,,,,,,,,,,,,,,,,,,,,,,
Nekko Kitten Tuna in Gravy,8859160402641,code128,,Food,pcs,pcs,pcs,0.41,0.7,,,,8859160402641.jpg,,,,,,,,,,,,,,,,,,,,,,,,,,,
Nekko Kitten Tuna Salmon Gravy,8859160402658,code128,,Food,pcs,pcs,pcs,0.42,0.7,,,,8859160402658.jpg,,,,,,,,,,,,,,,,,,,,,,,,,,,
Nekko Kitten Tuna Chicken,8859160402665,code128,,Food,pcs,pcs,pcs,0.42,0.7,,,,8859160402665.jpg,,,,,,,,,,,,,,,,,,,,,,,,,,,
Hercules Puppy Beef ចំណីសើម,8859160402672,code128,,Food,pcs,pcs,pcs,0.54,1.25,,,,8859160402672.jpg,,,,,,,,,,,,,,,,,,,,,,,,,,,
Hercules Puppy Chicken Salmon ចំណីសើម,8859160402689,code128,,Food,pcs,pcs,pcs,0.54,1.25,,,,8859160402689.jpg,,,,,,,,,,,,,,,,,,,,,,,,,,,
Hercules Adult Beef ចំណីសើម,8859160402696,code128,,Food,pcs,pcs,pcs,0.54,1.25,,,,8859160402696.jpg,,,,,,,,,,,,,,,,,,,,,,,,,,,
Hercules Adult Chicken Salmon ចំណីសើម,8859160402702,code128,,Food,pcs,pcs,pcs,0.54,1.25,,,,8859160402702.jpg,,,,,,,,,,,,,,,,,,,,,,,,,,,
Hercules Adult Lamb ចំណីសើម,8859160402719,code128,,Food,pcs,pcs,pcs,0.58,1.25,,,,8859160402719.jpg,,,,,,,,,,,,,,,,,,,,,,,,,,,
Hercules Adult Chicken Salmon ចំណីសើម,8859160402733,code128,,Food,pcs,pcs,pcs,0.54,1.25,,,,8859160402733.jpg,,,,,,,,,,,,,,,,,,,,,,,,,,,
Hercules Canned Food Chicken Vegetable,8859160402788,code128,,Food,pcs,pcs,pcs,1.1,1.5,,,,8859160402788.jpg,,,,,,,,,,,,,,,,,,,,,,,,,,,
Hercules Canned Food Beef Chicken,8859160402818,code128,,Food,pcs,pcs,pcs,1.1,1.5,,,,8859160402818.jpg,,,,,,,,,,,,,,,,,,,,,,,,,,,
Hercules Canned Food Beef Salmon Vegetable,8859160402832,code128,,Food,pcs,pcs,pcs,1.1,1.5,,,,8859160402832.jpg,,,,,,,,,,,,,,,,,,,,,,,,,,,
Nekko Love Mix 400g Indoor,8859160402849,code128,,Food,pcs,pcs,pcs,2.5,3.5,,,,8859160402849.jpg,,,,,,,,,,,,,,,,,,,,,,,,,,,
Nekko Love Mix 1.2kg Indoor,8859160402856,code128,,Food,pcs,pcs,pcs,6.1,6.5,,,,8859160402856.jpg,,,,,,,,,,,,,,,,,,,,,,,,,,,
Nekko Love Mix 3kg Kitten,8859160402863,code128,,Food,pcs,pcs,pcs,12.2,14,,,,8859160402863.jpg,,,,,,,,,,,,,,,,,,,,,,,,,,,
Nekko Love Mix 3kg Indoor,8859160402870,code128,,Food,pcs,pcs,pcs,12.2,14,,,,8859160402870.jpg,,,,,,,,,,,,,,,,,,,,,,,,,,,
Nekko បបរឆ្មារ ,8859160480816,code128,,Food,pcs,pcs,pcs,0.41,0.7,,,,8859160480816.jpg,,,,,,,,,,,,,,,,,,,,,,,,,,,
Cleartix 10Kg Dog,8859181630047,code128,,Medicine,pcs,pcs,pcs,2.47,5.5,,,,8859181630047.jpg,,,,,,,,,,,,,,,,,,,,,,,,,,,
Cleartix 10-20kg Dog,8859181630054,code128,,Medicine,pcs,pcs,pcs,3.55,7.5,,,,8859181630054.jpg,,,,,,,,,,,,,,,,,,,,,,,,,,,
Cleartix 20-40kg Dog,8859181630061,code128,,Medicine,pcs,pcs,pcs,4.2,9.5,,,,8859181630061.jpg,,,,,,,,,,,,,,,,,,,,,,,,,,,
 Cleartix Cat,8859181630108,code128,,Medicine,pcs,pcs,pcs,2.47,6,,,,8859181630108.jpg,,,,,,,,,,,,,,,,,,,,,,,,,,,
Nutri Max Gel វីតាមីនជំនួយឈាម,8859228600200,code128,,Medicine,pcs,pcs,pcs,7.1,10,,,,8859228600200.jpg,,,,,,,,,,,,,,,,,,,,,,,,,,,
Paully ទឹកអប់ ផ្កាឈូក Hypnos,8859228620017,code128,,Shampoo,pcs,pcs,pcs,3.8,5,,,,8859228620017.jpg,,,,,,,,,,,,,,,,,,,,,,,,,,,
សាប៊ូ Paully ,8859228620031,code128,,Shampoo,pcs,pcs,pcs,3.13,5,,,,8859228620031.jpg,,,,,,,,,,,,,,,,,,,,,,,,,,,
Paully ទឹកអប់​ បៃតង Amor,8859228620079,code128,,Shampoo,pcs,pcs,pcs,3.8,5,,,,8859228620079.jpg,,,,,,,,,,,,,,,,,,,,,,,,,,,
Paully ទឹកអប់​ ស្វាយ Breeze,8859228620086,code128,,Shampoo,pcs,pcs,pcs,3.8,5,,,,8859228620086.jpg,,,,,,,,,,,,,,,,,,,,,,,,,,,
Paully ទឹកអប់​ ទឹកប៊ិច Qu Ros,8859228620093,code128,,Shampoo,pcs,pcs,pcs,3.8,5,,,,8859228620093.jpg,,,,,,,,,,,,,,,,,,,,,,,,,,,
Paully ទឹកអប់​ ផ្ទៃមេឃ Miracle,8859228620109,code128,,Shampoo,pcs,pcs,pcs,3.8,5,,,,8859228620109.jpg,,,,,,,,,,,,,,,,,,,,,,,,,,,
Likkey Sausage Liver,8859268200156,code128,,Food,pcs,pcs,pcs,0.54,1.25,,,,8859268200156.jpg,,,,,,,,,,,,,,,,,,,,,,,,,,,
Likkey Sausage Tuna,8859268200187,code128,,Food,pcs,pcs,pcs,0.54,1.25,,,,8859268200187.jpg,,,,,,,,,,,,,,,,,,,,,,,,,,,
Likkey Sausage Vegetable ,8859268200194,code128,,Food,pcs,pcs,pcs,0.54,1.25,,,,8859268200194.jpg,,,,,,,,,,,,,,,,,,,,,,,,,,,
Likkey Sausage Cheese,8859268200200,code128,,Food,pcs,pcs,pcs,0.54,1.25,,,,8859268200200.jpg,,,,,,,,,,,,,,,,,,,,,,,,,,,
Likkey Sausage Chicken,8859268200217,code128,,Food,pcs,pcs,pcs,0.54,1.25,,,,8859268200217.jpg,,,,,,,,,,,,,,,,,,,,,,,,,,,
O3 Vit Cat,8859284600282,code128,,Food,pcs,pcs,pcs,0.98,1.5,,,,8859284600282.jpg,,,,,,,,,,,,,,,,,,,,,,,,,,,
O3 Vit Dog,8859284600299,code128,,Food,pcs,pcs,pcs,0.98,1.5,,,,8859284600299.jpg,,,,,,,,,,,,,,,,,,,,,,,,,,,
Salmon Oil ,8859296801899,code128,,Medicine,pcs,pcs,pcs,3,5,,,,8859296801899.jpg,,,,,,,,,,,,,,,,,,,,,,,,,,,
Starry Goat Milk,8859306690208,code128,,Food,pcs,pcs,pcs,2.59,3.5,,,,8859306690208.jpg,,,,,,,,,,,,,,,,,,,,,,,,,,,
Starry Fresh Mint,8859306690215,code128,,Food,pcs,pcs,pcs,2.59,3.5,,,,8859306690215.jpg,,,,,,,,,,,,,,,,,,,,,,,,,,,
Starry Mix Berry,8859306690222,code128,,Food,pcs,pcs,pcs,2.59,3.5,,,,8859306690222.jpg,,,,,,,,,,,,,,,,,,,,,,,,,,,
INABA Churu Dog Chicken with Vegetables,8859387701510,code128,,Food,pcs,pcs,pcs,2.1,4.5,,,,8859387701510.jpg,,,,,,,,,,,,,,,,,,,,,,,,,,,
INABA Churu Dog Chicken with Cartilage ,8859387701527,code128,,Food,pcs,pcs,pcs,2.1,4.5,,,,8859387701527.jpg,,,,,,,,,,,,,,,,,,,,,,,,,,,
INABA Churu Dog Collagen,8859387701534,code128,,Food,pcs,pcs,pcs,2.1,4.5,,,,8859387701534.jpg,,,,,,,,,,,,,,,,,,,,,,,,,,,
INABA Churu Dog Calcium,8859387701541,code128,,Food,pcs,pcs,pcs,2.1,4.5,,,,8859387701541.jpg,,,,,,,,,,,,,,,,,,,,,,,,,,,
Frontguard Cat,8859483600014,code128,,Medicine,pcs,pcs,pcs,0.95,3,,,,8859483600014.jpg,,,,,,,,,,,,,,,,,,,,,,,,,,,
Frontguard Dog 2-10kg,8859483601493,code128,,Medicine,pcs,pcs,pcs,0.88,3,,,,8859483601493.jpg,,,,,,,,,,,,,,,,,,,,,,,,,,,
Frontguard Dog 10-20kg,8859483601509,code128,,Medicine,pcs,pcs,pcs,1.2,4,,,,8859483601509.jpg,,,,,,,,,,,,,,,,,,,,,,,,,,,
Frontguard Dog 20-40kg,8859483601516,code128,,Medicine,pcs,pcs,pcs,1.7,5,,,,8859483601516.jpg,,,,,,,,,,,,,,,,,,,,,,,,,,,
Otoclear ,8859488700061,code128,,Shampoo,pcs,pcs,pcs,2.2,4,,,,8859488700061.jpg,,,,,,,,,,,,,,,,,,,,,,,,,,,
Prama Salami,8859601041002,code128,,Food,pcs,pcs,pcs,1.14,2,,,,8859601041002.jpg,,,,,,,,,,,,,,,,,,,,,,,,,,,
Prama Bacon,8859601041019,code128,,Food,pcs,pcs,pcs,1.14,2,,,,8859601041019.jpg,,,,,,,,,,,,,,,,,,,,,,,,,,,
Prama Beef,8859601041026,code128,,Food,pcs,pcs,pcs,1.14,2,,,,8859601041026.jpg,,,,,,,,,,,,,,,,,,,,,,,,,,,
Prama Chicken Pate,8859601041033,code128,,Food,pcs,pcs,pcs,1.14,2,,,,8859601041033.jpg,,,,,,,,,,,,,,,,,,,,,,,,,,,
Prama Milk,8859601041040,code128,,Food,pcs,pcs,pcs,1.01,2,,,,8859601041040.jpg,,,,,,,,,,,,,,,,,,,,,,,,,,,
Prama Salmon,8859601041057,code128,,Food,pcs,pcs,pcs,1.01,2,,,,8859601041057.jpg,,,,,,,,,,,,,,,,,,,,,,,,,,,
Prama Strawberry ,8859601041064,code128,,Food,pcs,pcs,pcs,1.14,2,,,,8859601041064.jpg,,,,,,,,,,,,,,,,,,,,,,,,,,,
Prama Blueberry,8859601041071,code128,,Food,pcs,pcs,pcs,1.14,2,,,,8859601041071.jpg,,,,,,,,,,,,,,,,,,,,,,,,,,,
Prama Banana,8859601041095,code128,,Food,pcs,pcs,pcs,1.14,2,,,,8859601041095.jpg,,,,,,,,,,,,,,,,,,,,,,,,,,,
Prama Mango,8859601041101,code128,,Food,pcs,pcs,pcs,1.14,2,,,,8859601041101.jpg,,,,,,,,,,,,,,,,,,,,,,,,,,,
Prama Bacon Egg,8859601041330,code128,,Food,pcs,pcs,pcs,1,2,,,,8859601041330.jpg,,,,,,,,,,,,,,,,,,,,,,,,,,,
Prama Maguro,8859601041347,code128,,Food,pcs,pcs,pcs,1.01,2,,,,8859601041347.jpg,,,,,,,,,,,,,,,,,,,,,,,,,,,
Prama Takoyaki,8859601041354,code128,,Food,pcs,pcs,pcs,1.01,2,,,,8859601041354.jpg,,,,,,,,,,,,,,,,,,,,,,,,,,,
Prama Seaweed,8859601041361,code128,,Food,pcs,pcs,pcs,1.14,2,,,,8859601041361.jpg,,,,,,,,,,,,,,,,,,,,,,,,,,,
Pramy Pouch Kitten Multi Vitamin,8859601044232,code128,,Food,pcs,pcs,pcs,0.45,0.75,,,,8859601044232.jpg,,,,,,,,,,,,,,,,,,,,,,,,,,,
Pramy Pouch Taurine,8859601044249,code128,,Food,pcs,pcs,pcs,0.45,0.75,,,,8859601044249.jpg,,,,,,,,,,,,,,,,,,,,,,,,,,,
Pramy Pouch Kitten Growth,8859601044256,code128,,Food,pcs,pcs,pcs,0.45,0.75,,,,8859601044256.jpg,,,,,,,,,,,,,,,,,,,,,,,,,,,
Pramy Pouch Maintenance ,8859601044263,code128,,Food,pcs,pcs,pcs,0.45,0.75,,,,8859601044263.jpg,,,,,,,,,,,,,,,,,,,,,,,,,,,
Pramy Pouch Hairball,8859601044270,code128,,Food,pcs,pcs,pcs,0.45,0.75,,,,8859601044270.jpg,,,,,,,,,,,,,,,,,,,,,,,,,,,
Pramy Pouch Sterilized ,8859601044294,code128,,Food,pcs,pcs,pcs,0.45,0.75,,,,8859601044294.jpg,,,,,,,,,,,,,,,,,,,,,,,,,,,
Pramy Pouch Skin Coat,8859601044317,code128,,Food,pcs,pcs,pcs,0.45,0.75,,,,8859601044317.jpg,,,,,,,,,,,,,,,,,,,,,,,,,,,
Pramy Creamy Green,8859601044607,code128,,Food,pcs,pcs,pcs,0.37,0.6,,,,8859601044607.jpg,,,,,,,,,,,,,,,,,,,,,,,,,,,
Pramy Creamy Orange,8859601044614,code128,,Food,pcs,pcs,pcs,0.35,0.6,,,,8859601044614.jpg,,,,,,,,,,,,,,,,,,,,,,,,,,,
Pramy Creamy Red,8859601044621,code128,,Food,pcs,pcs,pcs,0.37,0.6,,,,8859601044621.jpg,,,,,,,,,,,,,,,,,,,,,,,,,,,
Pramy Creamy Blue,8859601044638,code128,,Food,pcs,pcs,pcs,0.37,0.6,,,,8859601044638.jpg,,,,,,,,,,,,,,,,,,,,,,,,,,,
Buddy Sprinkle Cheesy Chicken,8859601047929,code128,,Food,pcs,pcs,pcs,3.9,4.5,,,,no_image.png,,,,,,,,,,,,,,,,,,,,,,,,,,,
Buddy Sprinkle Tuna,8859601047943,code128,,Food,pcs,pcs,pcs,3.9,4.5,,,,no_image.png,,,,,,,,,,,,,,,,,,,,,,,,,,,
Buddy Sprinkle Catnip,8859601047967,code128,,Food,pcs,pcs,pcs,3.9,4.5,,,,8859601047967.jpg,,,,,,,,,,,,,,,,,,,,,,,,,,,
Moochie Creamy Small Orange,8859710201670,code128,,Food,pcs,pcs,pcs,1.34,2,,,,no_image.png,,,,,,,,,,,,,,,,,,,,,,,,,,,
Moochie Creamy Small Sea Blue,8859710201687,code128,,Food,pcs,pcs,pcs,1.34,2,,,,no_image.png,,,,,,,,,,,,,,,,,,,,,,,,,,,
Moochie Creamy Small Blue-Yellow,8859710201694,code128,,Food,pcs,pcs,pcs,1.34,2,,,,no_image.png,,,,,,,,,,,,,,,,,,,,,,,,,,,
Moochie Creamy Small Pink,8859710201700,code128,,Food,pcs,pcs,pcs,1.34,2,,,,no_image.png,,,,,,,,,,,,,,,,,,,,,,,,,,,
Moochie Creamy Small Dark Blue,8859710201717,code128,,Food,pcs,pcs,pcs,1.34,2,,,,no_image.png,,,,,,,,,,,,,,,,,,,,,,,,,,,
Moochie Creamy Small Dark Purple,8859710201724,code128,,Food,pcs,pcs,pcs,1.34,2,,,,no_image.png,,,,,,,,,,,,,,,,,,,,,,,,,,,
Moochie Creamy Small Blue-Pink,8859710201755,code128,,Food,pcs,pcs,pcs,1.34,2,,,,no_image.png,,,,,,,,,,,,,,,,,,,,,,,,,,,
Moochie Creamy Small Purple,8859710201762,code128,,Food,pcs,pcs,pcs,1.34,2,,,,no_image.png,,,,,,,,,,,,,,,,,,,,,,,,,,,
Moochie Creamy Small Green,8859710201779,code128,,Food,pcs,pcs,pcs,1.34,2,,,,no_image.png,,,,,,,,,,,,,,,,,,,,,,,,,,,
Moochie Creamy Small Red,8859710201786,code128,,Food,pcs,pcs,pcs,1.34,2,,,,no_image.png,,,,,,,,,,,,,,,,,,,,,,,,,,,
Moochie Broths Green,8859710201939,code128,,Food,pcs,pcs,pcs,0.46,0.7,,,,no_image.png,,,,,,,,,,,,,,,,,,,,,,,,,,,
Moochie Broths Purple,8859710201960,code128,,Food,pcs,pcs,pcs,0.46,0.7,,,,no_image.png,,,,,,,,,,,,,,,,,,,,,,,,,,,
Moochie Broths Yellow,8859710201977,code128,,Food,pcs,pcs,pcs,0.46,0.7,,,,no_image.png,,,,,,,,,,,,,,,,,,,,,,,,,,,
Moochie Broths Orange,8859710201991,code128,,Food,pcs,pcs,pcs,0.46,0.7,,,,no_image.png,,,,,,,,,,,,,,,,,,,,,,,,,,,
Moochie Broths Blue,8859710202004,code128,,Food,pcs,pcs,pcs,0.46,0.7,,,,no_image.png,,,,,,,,,,,,,,,,,,,,,,,,,,,
Moochie Broths Pink,8859710202028,code128,,Food,pcs,pcs,pcs,0.46,0.7,,,,no_image.png,,,,,,,,,,,,,,,,,,,,,,,,,,,
Moochie Creamy Big Orange,8859710202776,code128,,Food,pcs,pcs,pcs,5.5,7,,,,no_image.png,,,,,,,,,,,,,,,,,,,,,,,,,,,
Moochie Creamy Big Sea Blue,8859710202783,code128,,Food,pcs,pcs,pcs,5.5,7,,,,no_image.png,,,,,,,,,,,,,,,,,,,,,,,,,,,
Moochie Creamy Big Sea Blue-Yellow,8859710202790,code128,,Food,pcs,pcs,pcs,5.5,7,,,,no_image.png,,,,,,,,,,,,,,,,,,,,,,,,,,,
Moochie Creamy Big Pink,8859710202806,code128,,Food,pcs,pcs,pcs,5.5,7,,,,no_image.png,,,,,,,,,,,,,,,,,,,,,,,,,,,
Moochie Creamy Big Dark Blue,8859710202813,code128,,Food,pcs,pcs,pcs,5.5,7,,,,no_image.png,,,,,,,,,,,,,,,,,,,,,,,,,,,
Moochie Creamy Big Dark Purple,8859710202820,code128,,Food,pcs,pcs,pcs,5.5,7,,,,no_image.png,,,,,,,,,,,,,,,,,,,,,,,,,,,
Moochie Creamy Big Blue-Pink,8859710202837,code128,,Food,pcs,pcs,pcs,5.5,7,,,,no_image.png,,,,,,,,,,,,,,,,,,,,,,,,,,,
Moochie Creamy Big Purple,8859710202844,code128,,Food,pcs,pcs,pcs,5.5,7,,,,no_image.png,,,,,,,,,,,,,,,,,,,,,,,,,,,
Moochie Creamy Big Green,8859710202851,code128,,Food,pcs,pcs,pcs,5.5,7,,,,no_image.png,,,,,,,,,,,,,,,,,,,,,,,,,,,
Moochie Creamy Big Red,8859710202868,code128,,Food,pcs,pcs,pcs,5.5,7,,,,no_image.png,,,,,,,,,,,,,,,,,,,,,,,,,,,
Kanimal Dog Shampoo Whitening,8859739200562,code128,,Shampoo,pcs,pcs,pcs,5.4,6.5,,,,8859739200562.jpg,,,,,,,,,,,,,,,,,,,,,,,,,,,
Kanimal Balm stick Vanilla ,8859739200685,code128,,Shampoo,pcs,pcs,pcs,3,4.5,,,,8859739200685.jpg,,,,,,,,,,,,,,,,,,,,,,,,,,,
Kanimal Balm stick Brown Sugar,8859739200715,code128,,Shampoo,pcs,pcs,pcs,3,4.5,,,,8859739200715.jpg,,,,,,,,,,,,,,,,,,,,,,,,,,,
Kanimal Cat Shampoo Whitening ,8859739200814,code128,,Shampoo,pcs,pcs,pcs,3.61,5,,,,8859739200814.jpg,,,,,,,,,,,,,,,,,,,,,,,,,,,
Happi Doggy Apple,8886432311707,code128,,Food,pcs,pcs,pcs,0.42,0.75,,,,8886432311707.jpg,,,,,,,,,,,,,,,,,,,,,,,,,,,
Happi Doggy Strawberry,8886432311714,code128,,Food,pcs,pcs,pcs,0.42,0.75,,,,8886432311714.jpg,,,,,,,,,,,,,,,,,,,,,,,,,,,
Happi Doggy Mint,8886432311721,code128,,Food,pcs,pcs,pcs,0.42,0.75,,,,8886432311721.jpg,,,,,,,,,,,,,,,,,,,,,,,,,,,
Happi Doggy Milk,8886432311738,code128,,Food,pcs,pcs,pcs,0.42,0.75,,,,8886432311738.jpg,,,,,,,,,,,,,,,,,,,,,,,,,,,
ឆ្លាក់បន្តោង Name Tag Engraving,8888,code128,,Service,pcs,pcs,pcs,0.9,6,,,,8888.jpg,,,,,,,,,,,,,,,,,,,,,,,,,,,
Ganador Lamb&Rice Adult 20kg,8938509770082,code128,,Food,pcs,pcs,pcs,31.63,34.5,,,,8938509770082.jpg,,,,,,,,,,,,,,,,,,,,,,,,,,,
Ganador Milk DHA Puppy 20kg,8938509770129,code128,,Food,pcs,pcs,pcs,34.1,39,,,,8938509770129.jpg,,,,,,,,,,,,,,,,,,,,,,,,,,,
Minino Yum 500g,8938509770136,code128,,Food,pcs,pcs,pcs,1.56,2,,,,8938509770136.jpg,,,,,,,,,,,,,,,,,,,,,,,,,,,
Minino Yum 1.5kg,8938509770143,code128,,Food,pcs,pcs,pcs,4.46,5.5,,,,8938509770143.jpg,,,,,,,,,,,,,,,,,,,,,,,,,,,
Minino Tuna 1.3kg,8938509770167,code128,,Food,pcs,pcs,pcs,3.87,5,,,,8938509770167.jpg,,,,,,,,,,,,,,,,,,,,,,,,,,,
Minino Tuna 480g,8938509770174,code128,,Food,pcs,pcs,pcs,1.24,1.85,,,,8938509770174.jpg,,,,,,,,,,,,,,,,,,,,,,,,,,,
Ganador Chicken Adult 400g,8938509770327,code128,,Food,pcs,pcs,pcs,1.2,1.7,,,,8938509770327.jpg,,,,,,,,,,,,,,,,,,,,,,,,,,,
Ganador Chicken Adult 3kg,8938509770334,code128,,Food,pcs,pcs,pcs,6.08,8,,,,8938509770334.jpg,,,,,,,,,,,,,,,,,,,,,,,,,,,
Ganador Chicken Adult 20kg,8938509770358,code128,,Food,pcs,pcs,pcs,29.36,32,,,,8938509770358.jpg,,,,,,,,,,,,,,,,,,,,,,,,,,,
Ganador Egg Milk Puppy 400g,8938509770365,code128,,Food,pcs,pcs,pcs,1.4,1.85,,,,8938509770365.jpg,,,,,,,,,,,,,,,,,,,,,,,,,,,
Ganador Egg Milk Puppy 3kg,8938509770372,code128,,Food,pcs,pcs,pcs,7.08,9,,,,8938509770372.jpg,,,,,,,,,,,,,,,,,,,,,,,,,,,
Ganador Egg Milk Puppy 20kg,8938509770396,code128,,Food,pcs,pcs,pcs,30.52,36.5,,,,8938509770396.jpg,,,,,,,,,,,,,,,,,,,,,,,,,,,
Ganador Lamb&Rice Adult 400g,8938509770457,code128,,Food,pcs,pcs,pcs,1.4,1.85,,,,8938509770457.jpg,,,,,,,,,,,,,,,,,,,,,,,,,,,
Ganador Lamb&Rice Adult 3kg,8938509770464,code128,,Food,pcs,pcs,pcs,7.71,9,,,,8938509770464.jpg,,,,,,,,,,,,,,,,,,,,,,,,,,,
Ganador Milk DHA Puppy 400g,8938509770488,code128,,Food,pcs,pcs,pcs,1.6,2,,,,8938509770488.jpg,,,,,,,,,,,,,,,,,,,,,,,,,,,
Ganador Milk DHA Puppy 3kg,8938509770495,code128,,Food,pcs,pcs,pcs,7.72,9.75,,,,8938509770495.jpg,,,,,,,,,,,,,,,,,,,,,,,,,,,
Hairball Wet Food Royal Canin,9003579000410,code128,,Food,pcs,pcs,pcs,0.8,1.5,,,,9003579000410.jpg,,,,,,,,,,,,,,,,,,,,,,,,,,,
Wet Food Mini Puppy 85g Royal Canin,9003579008218,code128,,Food,pcs,pcs,pcs,0.85,1.5,,,,9003579008218.jpg,,,,,,,,,,,,,,,,,,,,,,,,,,,
Wet Food Mini Adult 85g Royal Canin,9003579008256,code128,,Food,pcs,pcs,pcs,1.23,1.75,,,,9003579008256.jpg,,,,,,,,,,,,,,,,,,,,,,,,,,,
Wet Food Medium Puppy 140g Royal Canin,9003579008331,code128,,Food,pcs,pcs,pcs,2.1,2.2,,,,9003579008331.jpg,,,,,,,,,,,,,,,,,,,,,,,,,,,
Wet Food Medium Adult 140g Royal Canin,9003579008379,code128,,Food,pcs,pcs,pcs,1.84,2,,,,9003579008379.jpg,,,,,,,,,,,,,,,,,,,,,,,,,,,
Wet Food Maxi Puppy 140g Royal Canin,9003579008454,code128,,Food,pcs,pcs,pcs,0.85,1.5,,,,9003579008454.jpg,,,,,,,,,,,,,,,,,,,,,,,,,,,
Wet Food Maxi Adult 140g Royal Canin,9003579008492,code128,,Food,pcs,pcs,pcs,1.75,2,,,,9003579008492.jpg,,,,,,,,,,,,,,,,,,,,,,,,,,,
Sensory Smell Royal Canin,9003579018514,code128,,Food,pcs,pcs,pcs,0.7,1.5,,,,9003579018514.jpg,,,,,,,,,,,,,,,,,,,,,,,,,,,
Sensory Smell Royal Canin,9003579018835,code128,,Food,pcs,pcs,pcs,0.7,1.5,,,,9003579018835.jpg,,,,,,,,,,,,,,,,,,,,,,,,,,,
Sensory Taste Royal Canin,9003579018866,code128,,Food,pcs,pcs,pcs,0.7,1.5,,,,9003579018866.jpg,,,,,,,,,,,,,,,,,,,,,,,,,,,
Sensory Taste Royal Canin,9003579018910,code128,,Food,pcs,pcs,pcs,0.7,1.5,,,,9003579018910.jpg,,,,,,,,,,,,,,,,,,,,,,,,,,,
Sensory Feel Royal Canin,9003579018941,code128,,Food,pcs,pcs,pcs,0.7,1.5,,,,9003579018941.jpg,,,,,,,,,,,,,,,,,,,,,,,,,,,
Sensory Feel Royal Canin,9003579018996,code128,,Food,pcs,pcs,pcs,0.7,1.5,,,,9003579018996.jpg,,,,,,,,,,,,,,,,,,,,,,,,,,,
Light Weight Royal Canin,9003579308769,code128,,Food,pcs,pcs,pcs,0.8,1.5,,,,9003579308769.jpg,,,,,,,,,,,,,,,,,,,,,,,,,,,
Wet Food Beauty Cat Royal Canin,9003579308929,code128,,Food,pcs,pcs,pcs,0.67,1.5,,,,9003579308929.jpg,,,,,,,,,,,,,,,,,,,,,,,,,,,
Wet Food Instinctive Cat Royal Canin,9003579308936,code128,,Food,pcs,pcs,pcs,0,1.5,,,,9003579308936.jpg,,,,,,,,,,,,,,,,,,,,,,,,,,,
Wet Food Kitten Gravy Royal Canin,9003579308943,code128,,Food,pcs,pcs,pcs,0.68,1.5,,,,9003579308943.jpg,,,,,,,,,,,,,,,,,,,,,,,,,,,
Wet Food Instinctive Cat Royal Canin,9003579309513,code128,,Food,pcs,pcs,pcs,1.3,2,,,,9003579309513.jpg,,,,,,,,,,,,,,,,,,,,,,,,,,,
Mother Baby Can 198g Royal Canin,9003579311660,code128,,Food,pcs,pcs,pcs,1.75,2.25,,,,no_image.png,,,,,,,,,,,,,,,,,,,,,,,,,,,
Wet Food Kitten Cat Royal Canin,9003579311714,code128,,Food,pcs,pcs,pcs,0.67,1.5,,,,9003579311714.jpg,,,,,,,,,,,,,,,,,,,,,,,,,,,
Wet Food Beauty Cat Royal Canin,9003579311721,code128,,Food,pcs,pcs,pcs,0.8,1.5,,,,9003579311721.jpg,,,,,,,,,,,,,,,,,,,,,,,,,,,
Pedigree Beef 400g,9310022726408,code128,,Food,pcs,pcs,pcs,1.45,2,,,,9310022726408.jpg,,,,,,,,,,,,,,,,,,,,,,,,,,,
Pedigree Chicken 400g,9310022726507,code128,,Food,pcs,pcs,pcs,1.3,2,,,,9310022726507.jpg,,,,,,,,,,,,,,,,,,,,,,,,,,,
Pedigree Puppy 400g,9310022735806,code128,,Food,pcs,pcs,pcs,1.25,2,,,,9310022735806.jpg,,,,,,,,,,,,,,,,,,,,,,,,,,,
Pedigree Beef in Sauce 400g,9310022735905,code128,,Food,pcs,pcs,pcs,1.3,2,,,,9310022735905.jpg,,,,,,,,,,,,,,,,,,,,,,,,,,,
Whiskas 1.2kg Tuna,9310022866203,code128,,Food,pcs,pcs,pcs,4.4,5.5,,,,9310022866203.jpg,,,,,,,,,,,,,,,,,,,,,,,,,,,
Pedigree Adult 3kg,9334214022932,code128,,Food,pcs,pcs,pcs,7.5,9,,,,9334214022932.jpg,,,,,,,,,,,,,,,,,,,,,,,,,,,
Pedigree Meat Jerky Ham and Cheese,9334214032061,code128,,Food,pcs,pcs,pcs,1.35,2,,,,9334214032061.jpg,,,,,,,,,,,,,,,,,,,,,,,,,,,
Cesar សាច់កំប៉ុង ប៉ាតេថ្លើម liver Pate,9334214036496,code128,,Food,pcs,pcs,pcs,1.13,2.25,,,,9334214036496.jpg,,,,,,,,,,,,,,,,,,,,,,,,,,,
Cesar សាច់កំប៉ុង មាន់&ថ្លើម Chicken liver Pate,9334214036540,code128,,Food,pcs,pcs,pcs,1.13,2.25,,,,9334214036540.jpg,,,,,,,,,,,,,,,,,,,,,,,,,,,
Cesar សាច់កំប៉ុង សាច់គោ ថ្លើម Beef&Liver,93362986,code128,,Food,pcs,pcs,pcs,1.13,2.25,,,,93362986.jpg,,,,,,,,,,,,,,,,,,,,,,,,,,,
Cesar សាច់កំប៉ុង សាច់មាន់ Chicken,93362993,code128,,Food,pcs,pcs,pcs,1.01,2.25,,,,93362993.jpg,,,,,,,,,,,,,,,,,,,,,,,,,,,
Cesar សាច់កំប៉ុង ចៀម Lamb,93370868,code128,,Food,pcs,pcs,pcs,1.01,2.25,,,,93370868.jpg,,,,,,,,,,,,,,,,,,,,,,,,,,,
Cesar សាច់កំប៉ុង សាច់គោ សាច់មាន់ Beef Chicken,93432641,code128,,Food,pcs,pcs,pcs,1.13,2.25,,,,93432641.jpg,,,,,,,,,,,,,,,,,,,,,,,,,,,
Cesar សាច់កំប៉ុង Chicken Cheese,93468015,code128,,Food,pcs,pcs,pcs,1.9,2.25,,,,93468015.jpg,,,,,,,,,,,,,,,,,,,,,,,,,,,
Virbac Nutri Plus Gel 120g,99999,code128,,Medicine,pcs,pcs,pcs,8.5,9.5,,,,99999.jpg,,,,,,,,,,,,,,,,,,,,,,,,,,,
Smartheart Puppy 200g,A200200,code128,,Food,pcs,pcs,pcs,0.6,1,,,,A200200.jpg,,,,,,,,,,,,,,,,,,,,,,,,,,,
Gastro Dog 500g,B500500,code128,,Food,pcs,pcs,pcs,5.96,6.5,,,,B500500.jpg,,,,,,,,,,,,,,,,,,,,,,,,,,,
សារ៉ាង Syringe ,B7777,code128,,Medicine,pcs,pcs,pcs,0.1,0.3,,,,no_image.png,,,,,,,,,,,,,,,,,,,,,,,,,,,
Royal Canin Mini Puppy 500g tester,c00002,code128,,Food,pcs,pcs,pcs,4.68,6.5,,,,no_image.png,,,,,,,,,,,,,,,,,,,,,,,,,,,
XS-អាវ VIP,LB008BX003001,code128,,Cloth,pcs,pcs,pcs,0.97,3,,,,LB008BX003001.jpg,,,,,,,,,,,,,,,,,,,,,,,,,,,
S-អាវ VIP,LB008BX003002,code128,,Cloth,pcs,pcs,pcs,1.05,3,,,,LB008BX003002.jpg,,,,,,,,,,,,,,,,,,,,,,,,,,,
M-អាវ VIP,LB008BX003003,code128,,Cloth,pcs,pcs,pcs,1.13,3,,,,LB008BX003003.jpg,,,,,,,,,,,,,,,,,,,,,,,,,,,
L-អាវ VIP,LB008BX003004,code128,,Cloth,pcs,pcs,pcs,1.3,3,,,,LB008BX003004.jpg,,,,,,,,,,,,,,,,,,,,,,,,,,,
XS-អាវរូបមៃយ៉ូ,LB020BX001001,code128,,Cloth,pcs,pcs,pcs,0.97,3,,,,LB020BX001001.jpg,,,,,,,,,,,,,,,,,,,,,,,,,,,
S-អាវរូបមៃយ៉ូ,LB020BX001002,code128,,Cloth,pcs,pcs,pcs,1.05,3,,,,LB020BX001002.jpg,,,,,,,,,,,,,,,,,,,,,,,,,,,
M-អាវរូបមៃយ៉ូ,LB020BX001003,code128,,Cloth,pcs,pcs,pcs,1.13,3,,,,LB020BX001003.jpg,,,,,,,,,,,,,,,,,,,,,,,,,,,
L-អាវរូបមៃយ៉ូ,LB020BX001004,code128,,Cloth,pcs,pcs,pcs,1.3,3,,,,LB020BX001004.jpg,,,,,,,,,,,,,,,,,,,,,,,,,,,
XL-អាវរូបមៃយ៉ូ,LB020BX001005,code128,,Cloth,pcs,pcs,pcs,1.3,3,,,,LB020BX001005.jpg,,,,,,,,,,,,,,,,,,,,,,,,,,,
XS-អាវរូបសាច់ដុំ,LB021BX001001,code128,,Cloth,pcs,pcs,pcs,0.97,3,,,,LB021BX001001.jpg,,,,,,,,,,,,,,,,,,,,,,,,,,,
S-អាវរូបសាច់ដុំ,LB021BX001002,code128,,Cloth,pcs,pcs,pcs,1.05,3,,,,LB021BX001002.jpg,,,,,,,,,,,,,,,,,,,,,,,,,,,
M-អាវរូបសាច់ដុំ,LB021BX001003,code128,,Cloth,pcs,pcs,pcs,1.13,3,,,,LB021BX001003.jpg,,,,,,,,,,,,,,,,,,,,,,,,,,,
L-អាវរូបសាច់ដុំ,LB021BX001004,code128,,Cloth,pcs,pcs,pcs,1.3,3,,,,LB021BX001004.jpg,,,,,,,,,,,,,,,,,,,,,,,,,,,
XL-អាវរូបសាច់ដុំ,LB021BX001005,code128,,Cloth,pcs,pcs,pcs,1.3,3,,,,LB021BX001005.jpg,,,,,,,,,,,,,,,,,,,,,,,,,,,
XS-អាវSmall Dog Green,LB098BX004001,code128,,Cloth,pcs,pcs,pcs,0.97,3,,,,LB098BX004001.jpg,,,,,,,,,,,,,,,,,,,,,,,,,,,
S-អាវSmall Dog Green,LB098BX004002,code128,,Cloth,pcs,pcs,pcs,1.05,3,,,,LB098BX004002.jpg,,,,,,,,,,,,,,,,,,,,,,,,,,,
M-អាវSmall Dog Green,LB098BX004003,code128,,Cloth,pcs,pcs,pcs,1.13,3,,,,LB098BX004003.jpg,,,,,,,,,,,,,,,,,,,,,,,,,,,
L-អាវSmall Dog Green,LB098BX004004,code128,,Cloth,pcs,pcs,pcs,1.3,3,,,,LB098BX004004.jpg,,,,,,,,,,,,,,,,,,,,,,,,,,,
XL-អាវSmall Dog Green,LB098BX004005,code128,,Cloth,pcs,pcs,pcs,1.3,3,,,,LB098BX004005.jpg,,,,,,,,,,,,,,,,,,,,,,,,,,,
XS-អាវSmall Dog Pink,LB098BX005001,code128,,Cloth,pcs,pcs,pcs,0.97,3,,,,LB098BX005001.jpg,,,,,,,,,,,,,,,,,,,,,,,,,,,
S-អាវSmall Dog Pink,LB098BX005002,code128,,Cloth,pcs,pcs,pcs,1.05,3,,,,LB098BX005002.jpg,,,,,,,,,,,,,,,,,,,,,,,,,,,
M-អាវSmall Dog Pink,LB098BX005003,code128,,Cloth,pcs,pcs,pcs,1.13,3,,,,LB098BX005003.jpg,,,,,,,,,,,,,,,,,,,,,,,,,,,
L-អាវSmall Dog Pink,LB098BX005004,code128,,Cloth,pcs,pcs,pcs,1.3,3,,,,LB098BX005004.jpg,,,,,,,,,,,,,,,,,,,,,,,,,,,
XL-អាវSmall Dog Pink,LB098BX005005,code128,,Cloth,pcs,pcs,pcs,1.3,3,,,,LB098BX005005.jpg,,,,,,,,,,,,,,,,,,,,,,,,,,,
XS-អាវ  My Owner is Single,LB141BX002001,code128,,Cloth,pcs,pcs,pcs,0.97,3,,,,LB141BX002001.jpg,,,,,,,,,,,,,,,,,,,,,,,,,,,
S-អាវ  My Owner is Single,LB141BX002002,code128,,Cloth,pcs,pcs,pcs,1.05,3,,,,LB141BX002002.jpg,,,,,,,,,,,,,,,,,,,,,,,,,,,
M-អាវ  My Owner is Single,LB141BX002003,code128,,Cloth,pcs,pcs,pcs,1.13,3,,,,LB141BX002003.jpg,,,,,,,,,,,,,,,,,,,,,,,,,,,
L-អាវ  My Owner is Single,LB141BX002004,code128,,Cloth,pcs,pcs,pcs,1.3,3,,,,LB141BX002004.jpg,,,,,,,,,,,,,,,,,,,,,,,,,,,
XS-អាវKeep the Eggs,LB197BX001001,code128,,Cloth,pcs,pcs,pcs,0.97,3,,,,LB197BX001001.jpg,,,,,,,,,,,,,,,,,,,,,,,,,,,
S-អាវKeep the Eggs,LB197BX001002,code128,,Cloth,pcs,pcs,pcs,1.05,3,,,,LB197BX001002.jpg,,,,,,,,,,,,,,,,,,,,,,,,,,,
M-អាវKeep the Eggs,LB197BX001003,code128,,Cloth,pcs,pcs,pcs,1.13,3,,,,LB197BX001003.jpg,,,,,,,,,,,,,,,,,,,,,,,,,,,
L-អាវKeep the Eggs,LB197BX001004,code128,,Cloth,pcs,pcs,pcs,1.3,3,,,,LB197BX001004.jpg,,,,,,,,,,,,,,,,,,,,,,,,,,,
XL-អាវKeep the Eggs,LB197BX001005,code128,,Cloth,pcs,pcs,pcs,1.3,3,,,,LB197BX001005.jpg,,,,,,,,,,,,,,,,,,,,,,,,,,,
hgkjhjk,MK18B01,code128,,Collar,pcs,pcs,pcs,2.3,5.5,,,,MK18B01.jpg,,,,,,,,,,,,,,,,,,,,,,,,,,,
XS-អាវកមូលពណ៌ស រូបឥន្ទធនូ,sl7052291,code128,,Cloth,pcs,pcs,pcs,1.51,3,,,,sl7052291.jpg,,,,,,,,,,,,,,,,,,,,,,,,,,,
S-អាវកមូលពណ៌ស រូបឥន្ទធនូ,Sl7052292,code128,,Cloth,pcs,pcs,pcs,1.65,3,,,,Sl7052292.jpg,,,,,,,,,,,,,,,,,,,,,,,,,,,
M-អាវកមូលពណ៌ស រូបឥន្ទធនូ,Sl7052293,code128,,Cloth,pcs,pcs,pcs,1.8,3,,,,Sl7052293.jpg,,,,,,,,,,,,,,,,,,,,,,,,,,,
L-អាវកមូលពណ៌ស រូបឥន្ទធនូ,sl7052294,code128,,Cloth,pcs,pcs,pcs,1.95,4,,,,sl7052294.jpg,,,,,,,,,,,,,,,,,,,,,,,,,,,
XL-អាវកមូលពណ៌ស រូបឥន្ទធនូ,sl7052295,code128,,Cloth,pcs,pcs,pcs,2.11,4,,,,sl7052295.jpg,,,,,,,,,,,,,,,,,,,,,,,,,,,
2XL-អាវកមូលពណ៌ស រូបឥន្ទធនូ,sl7052296,code128,,Cloth,pcs,pcs,pcs,2.3,4,,,,sl7052296.jpg,,,,,,,,,,,,,,,,,,,,,,,,,,,
3XL-អាវកមូលដៃវែង ឆ្កែធំ,Sl7072161,code128,,Cloth,pcs,pcs,pcs,2.03,5,,,,Sl7072161.jpg,,,,,,,,,,,,,,,,,,,,,,,,,,,
4XL-អាវកមូលដៃវែង ឆ្កែធំ,sl7072162,code128,,Cloth,pcs,pcs,pcs,2.03,5,,,,no_image.png,,,,,,,,,,,,,,,,,,,,,,,,,,,
5XL-អាវកមូលដៃវែង ឆ្កែធំ,sl7072163,code128,,Cloth,pcs,pcs,pcs,2.23,5,,,,sl7072163.jpg,,,,,,,,,,,,,,,,,,,,,,,,,,,
6XL-អាវកមូលដៃវែង ឆ្កែធំ,sl7072164,code128,,Cloth,pcs,pcs,pcs,2.36,5,,,,sl7072164.jpg,,,,,,,,,,,,,,,,,,,,,,,,,,,
5XL-អាវកមូលពណ៌ស ឆ្កែធំរូបឥន្ធនូ,sl7096028,code128,,Cloth,pcs,pcs,pcs,3.6,5.5,,,,sl7096028.jpg,,,,,,,,,,,,,,,,,,,,,,,,,,,
6XL-អាវកមូលពណ៌ស ឆ្កែធំរូបឥន្ធនូ,sl7096029,code128,,Cloth,pcs,pcs,pcs,3.95,6.5,,,,sl7096029.jpg,,,,,,,,,,,,,,,,,,,,,,,,,,,
7XL-អាវកមូលពណ៌ស ឆ្កែធំរូបឥន្ធនូ,sl7096030,code128,,Cloth,pcs,pcs,pcs,4.15,6.5,,,,sl7096030.jpg,,,,,,,,,,,,,,,,,,,,,,,,,,,
8XL-អាវកមូលពណ៌ស ឆ្កែធំរូបឥន្ធនូ,sl7096031,code128,,Cloth,pcs,pcs,pcs,4.35,6.5,,,,sl7096031.jpg,,,,,,,,,,,,,,,,,,,,,,,,,,,
5XL-អាវកមូលពណ៌ស ឆ្កែធំរូបសត្វ,sl7096040,code128,,Cloth,pcs,pcs,pcs,3.6,5.5,,,,sl7096040.jpg,,,,,,,,,,,,,,,,,,,,,,,,,,,
6XL-អាវកមូលពណ៌ស ឆ្កែធំរូបសត្វ,sl7096041,code128,,Cloth,pcs,pcs,pcs,3.95,6.5,,,,sl7096041.jpg,,,,,,,,,,,,,,,,,,,,,,,,,,,
7XL-អាវកមូលពណ៌ស ឆ្កែធំរូបសត្វ,sl7096042,code128,,Cloth,pcs,pcs,pcs,4.15,6.5,,,,sl7096042.jpg,,,,,,,,,,,,,,,,,,,,,,,,,,,
8XL-អាវកមូលពណ៌ស ឆ្កែធំរូបសត្វ,sl7096043,code128,,Cloth,pcs,pcs,pcs,4.35,6.5,,,,sl7096043.jpg,,,,,,,,,,,,,,,,,,,,,,,,,,,
XS-អាវកមូលពណ៌ស រូបសត្វ,sl7096756,code128,,Cloth,pcs,pcs,pcs,1.7,3,,,,sl7096756.jpg,,,,,,,,,,,,,,,,,,,,,,,,,,,
S-អាវកមូលពណ៌ស រូបសត្វ,sl7096757,code128,,Cloth,pcs,pcs,pcs,1.86,3,,,,sl7096757.jpg,,,,,,,,,,,,,,,,,,,,,,,,,,,
M-អាវកមូលពណ៌ស រូបសត្វ,sl7096758,code128,,Cloth,pcs,pcs,pcs,2.02,3,,,,sl7096758.jpg,,,,,,,,,,,,,,,,,,,,,,,,,,,
L-អាវកមូលពណ៌ស រូបសត្វ,sl7096759,code128,,Cloth,pcs,pcs,pcs,2.24,4,,,,sl7096759.jpg,,,,,,,,,,,,,,,,,,,,,,,,,,,
XL-អាវកមូលពណ៌ស រូបសត្វ,sl7096760,code128,,Cloth,pcs,pcs,pcs,2.45,4,,,,sl7096760.jpg,,,,,,,,,,,,,,,,,,,,,,,,,,,
2XL-អាវកមូលពណ៌ស រូបសត្វ,sl7096761,code128,,Cloth,pcs,pcs,pcs,2.72,4,,,,sl7096761.jpg,,,,,,,,,,,,,,,,,,,,,,,,,,,
3XL-អាវកមូលដៃវែង ឆ្កែធំទឹកក្រូច,Sl7096807,code128,,Cloth,pcs,pcs,pcs,2.03,5,,,,Sl7096807.jpg,,,,,,,,,,,,,,,,,,,,,,,,,,,
4XL-អាវកមូលដៃវែង ឆ្កែធំទឹកក្រូច,Sl7096808,code128,,Cloth,pcs,pcs,pcs,2.11,5,,,,Sl7096808.jpg,,,,,,,,,,,,,,,,,,,,,,,,,,,
5XL-អាវកមូលដៃវែង ឆ្កែធំទឹកក្រូច,sl7096809,code128,,Cloth,pcs,pcs,pcs,2.23,5,,,,sl7096809.jpg,,,,,,,,,,,,,,,,,,,,,,,,,,,
6XL-អាវកមូលដៃវែង ឆ្កែធំទឹកក្រូច,sl7096810,code128,,Cloth,pcs,pcs,pcs,2.36,5,,,,sl7096810.jpg,,,,,,,,,,,,,,,,,,,,,,,,,,,
7XL-អាវកមូលដៃវែង ឆ្កែធំទឹកក្រូច,sl7096811,code128,,Cloth,pcs,pcs,pcs,2.48,5,,,,sl7096811.jpg,,,,,,,,,,,,,,,,,,,,,,,,,,,
8XL-អាវកមូលដៃវែង ឆ្កែធំ ទឹកក្រូច,sl7096812,code128,,Cloth,pcs,pcs,pcs,2.58,5,,,,sl7096812.jpg,,,,,,,,,,,,,,,,,,,,,,,,,,,
SmartHeart Power Pack Adult 500g,T62427386,code128,,Food,pcs,pcs,pcs,0.98,2,,,,T62427386.jpg,,,,,,,,,,,,,,,,,,,,,,,,,,,
Neo Betasone ថ្នាំលាបស្បែកអាលែកស្សី រលាក ក្រហម,UNEO08,code128,,Medicine,pcs,pcs,pcs,1.6,2.5,,,,UNEO08.jpg,,,,,,,,,,,,,,,,,,,,,,,,,,,
កំប៉ុងទឹកអូតូធំ Big Water Bottle,yp488-01,code128,,Daily Used,pcs,pcs,pcs,3.01,8,,,,yp488-01.jpg,,,,,,,,,,,,,,,,,,,,,,,,,,,
 កំប៉ុងចំណីអូតូធំ Big Food Bottle,yp488-02,code128,,Daily Used,pcs,pcs,pcs,3.1,8,,,,yp488-02.jpg,,,,,,,,,,,,,,,,,,,,,,,,,,,
កំប៉ុងទឹកអូតូធំ Big Water Bottle,yp488-05,code128,,Daily Used,pcs,pcs,pcs,3.01,8,,,,yp488-05.jpg,,,,,,,,,,,,,,,,,,,,,,,,,,,
 កំប៉ុងចំណីអូតូធំ Big Food Bottle,yp488-06,code128,,Daily Used,pcs,pcs,pcs,3.1,8,,,,yp488-06.jpg,,,,,,,,,,,,,,,,,,,,,,,,,,,
L-អាវមុខចាប,ZYK0010-1-L,code128,,Cloth,pcs,pcs,pcs,0.67,2,,,,ZYK0010-1-L.jpg,,,,,,,,,,,,,,,,,,,,,,,,,,,
M-អាវមុខចាប,ZYK0010-1-M,code128,,Cloth,pcs,pcs,pcs,0.67,2,,,,ZYK0010-1-M.jpg,,,,,,,,,,,,,,,,,,,,,,,,,,,
S-អាវមុខចាប,ZYK0010-1-S,code128,,Cloth,pcs,pcs,pcs,0.67,2,,,,ZYK0010-1-S.jpg,,,,,,,,,,,,,,,,,,,,,,,,,,,
XL-អាវមុខចាប,ZYK0010-1-XL,code128,,Cloth,pcs,pcs,pcs,0.67,2,,,,ZYK0010-1-XL.jpg,,,,,,,,,,,,,,,,,,,,,,,,,,,
XS-អាវមុខចាប,ZYK0010-1-XS,code128,,Cloth,pcs,pcs,pcs,0.67,2,,,,ZYK0010-1-XS.jpg,,,,,,,,,,,,,,,,,,,,,,,,,,,
2XL-អាវមុខចាប,ZYK0010-1-XXL,code128,,Cloth,pcs,pcs,pcs,0.67,2,,,,ZYK0010-1-XXL.jpg,,,,,,,,,,,,,,,,,,,,,,,,,,,
L-អាវមុខជ្រូក,ZYK0010-2-L,code128,,Cloth,pcs,pcs,pcs,0.67,2,,,,ZYK0010-2-L.jpg,,,,,,,,,,,,,,,,,,,,,,,,,,,
M-អាវមុខជ្រូក,ZYK0010-2-M,code128,,Cloth,pcs,pcs,pcs,0.67,2,,,,ZYK0010-2-M.jpg,,,,,,,,,,,,,,,,,,,,,,,,,,,
S-អាវមុខជ្រូក,ZYK0010-2-S,code128,,Cloth,pcs,pcs,pcs,0.67,2,,,,ZYK0010-2-S.jpg,,,,,,,,,,,,,,,,,,,,,,,,,,,
XL-អាវមុខជ្រូក,ZYK0010-2-XL,code128,,Cloth,pcs,pcs,pcs,0.67,2,,,,ZYK0010-2-XL.jpg,,,,,,,,,,,,,,,,,,,,,,,,,,,
XS-អាវមុខជ្រូក,ZYK0010-2-XS,code128,,Cloth,pcs,pcs,pcs,0.67,2,,,,ZYK0010-2-XS.jpg,,,,,,,,,,,,,,,,,,,,,,,,,,,
2XL-អាវមុខជ្រូក,ZYK0010-2-XXL,code128,,Cloth,pcs,pcs,pcs,0.67,2,,,,ZYK0010-2-XXL.jpg,,,,,,,,,,,,,,,,,,,,,,,,,,,
L-អាវមុខកាំប្រម៉ា,ZYK0010-3-L,code128,,Cloth,pcs,pcs,pcs,0.67,2,,,,ZYK0010-3-L.jpg,,,,,,,,,,,,,,,,,,,,,,,,,,,
M-អាវមុខកាំប្រម៉ា,ZYK0010-3-M,code128,,Cloth,pcs,pcs,pcs,0.67,2,,,,ZYK0010-3-M.jpg,,,,,,,,,,,,,,,,,,,,,,,,,,,
S-អាវមុខកាំប្រម៉ា,ZYK0010-3-S,code128,,Cloth,pcs,pcs,pcs,0.67,2,,,,ZYK0010-3-S.jpg,,,,,,,,,,,,,,,,,,,,,,,,,,,
XL-អាវមុខកាំប្រម៉ា,ZYK0010-3-XL,code128,,Cloth,pcs,pcs,pcs,0.67,2,,,,ZYK0010-3-XL.jpg,,,,,,,,,,,,,,,,,,,,,,,,,,,
XS-អាវមុខកាំប្រម៉ា,ZYK0010-3-XS,code128,,Cloth,pcs,pcs,pcs,0.67,2,,,,ZYK0010-3-XS.jpg,,,,,,,,,,,,,,,,,,,,,,,,,,,
2XL-អាវមុខកាំប្រម៉ា,ZYK0010-3-XXL,code128,,Cloth,pcs,pcs,pcs,0.67,2,,,,ZYK0010-3-XXL.jpg,,,,,,,,,,,,,,,,,,,,,,,,,,,
L-អាវមុខក្រពើ,ZYK0010-4-L,code128,,Cloth,pcs,pcs,pcs,0.67,2,,,,ZYK0010-4-L.jpg,,,,,,,,,,,,,,,,,,,,,,,,,,,
M-អាវមុខក្រពើ,ZYK0010-4-M,code128,,Cloth,pcs,pcs,pcs,0.67,2,,,,ZYK0010-4-M.jpg,,,,,,,,,,,,,,,,,,,,,,,,,,,
S-អាវមុខក្រពើ,ZYK0010-4-S,code128,,Cloth,pcs,pcs,pcs,0.67,2,,,,ZYK0010-4-S.jpg,,,,,,,,,,,,,,,,,,,,,,,,,,,
xl--អាវមុខក្រពើ,ZYK0010-4-XL,code128,,Cloth,pcs,pcs,pcs,0.67,2,,,,ZYK0010-4-XL.jpg,,,,,,,,,,,,,,,,,,,,,,,,,,,
XS-អាវមុខក្រពើ,ZYK0010-4-XS,code128,,Cloth,pcs,pcs,pcs,0.67,2,,,,ZYK0010-4-XS.jpg,,,,,,,,,,,,,,,,,,,,,,,,,,,
2xl-អាវមុខក្រពើ,ZYK0010-4-XXL,code128,,Cloth,pcs,pcs,pcs,0.67,2,,,,ZYK0010-4-XXL.jpg,,,,,,,,,,,,,,,,,,,,,,,,,,,
L-អាវមុខខ្លាឃ្មុំ,ZYK0010-5-L,code128,,Cloth,pcs,pcs,pcs,0.67,2,,,,ZYK0010-5-L.jpg,,,,,,,,,,,,,,,,,,,,,,,,,,,
M-អាវមុខខ្លាឃ្មុំ,ZYK0010-5-M,code128,,Cloth,pcs,pcs,pcs,0.67,2,,,,ZYK0010-5-M.jpg,,,,,,,,,,,,,,,,,,,,,,,,,,,
s-អាវមុខខ្លាឃ្មុំ,ZYK0010-5-S,code128,,Cloth,pcs,pcs,pcs,0.67,2,,,,ZYK0010-5-S.jpg,,,,,,,,,,,,,,,,,,,,,,,,,,,
XL-អាវមុខខ្លាឃ្មុំ,ZYK0010-5-XL,code128,,Cloth,pcs,pcs,pcs,0.67,2,,,,ZYK0010-5-XL.jpg,,,,,,,,,,,,,,,,,,,,,,,,,,,
xs-អាវមុខខ្លាឃ្មុំ,ZYK0010-5-XS,code128,,Cloth,pcs,pcs,pcs,0.67,2,,,,ZYK0010-5-XS.jpg,,,,,,,,,,,,,,,,,,,,,,,,,,,
2XL-អាវមុខខ្លាឃ្មុំ,ZYK0010-5-XXL,code128,,Cloth,pcs,pcs,pcs,0.67,2,,,,ZYK0010-5-XXL.jpg,,,,,,,,,,,,,,,,,,,,,,,,,,,
L-អាវមុខសេក,ZYK0010-6-L,code128,,Cloth,pcs,pcs,pcs,0.67,2,,,,ZYK0010-6-L.jpg,,,,,,,,,,,,,,,,,,,,,,,,,,,
M-អាវមុខសេក,ZYK0010-6-M,code128,,Cloth,pcs,pcs,pcs,0.67,2,,,,ZYK0010-6-M.jpg,,,,,,,,,,,,,,,,,,,,,,,,,,,
S-អាវមុខសេក,ZYK0010-6-S,code128,,Cloth,pcs,pcs,pcs,0.67,2,,,,ZYK0010-6-S.jpg,,,,,,,,,,,,,,,,,,,,,,,,,,,
XL-អាវមុខសេក,ZYK0010-6-XL,code128,,Cloth,pcs,pcs,pcs,0.67,2,,,,ZYK0010-6-XL.jpg,,,,,,,,,,,,,,,,,,,,,,,,,,,
XS-អាវមុខសេក,ZYK0010-6-XS,code128,,Cloth,pcs,pcs,pcs,0.67,2,,,,ZYK0010-6-XS.jpg,,,,,,,,,,,,,,,,,,,,,,,,,,,
2XL-អាវមុខសេក,ZYK0010-6-XXL,code128,,Cloth,pcs,pcs,pcs,0.67,2,,,,ZYK0010-6-XXL.jpg,,,,,,,,,,,,,,,,,,,,,,,,,,,
L-អាវមុខគីគី,ZYK0010-7-L,code128,,Cloth,pcs,pcs,pcs,0.67,2,,,,ZYK0010-7-L.jpg,,,,,,,,,,,,,,,,,,,,,,,,,,,
M-អាវមុខគីគី,ZYK0010-7-M,code128,,Cloth,pcs,pcs,pcs,0.67,2,,,,ZYK0010-7-M.jpg,,,,,,,,,,,,,,,,,,,,,,,,,,,
S-អាវមុខគីគី,ZYK0010-7-S,code128,,Cloth,pcs,pcs,pcs,0.67,2,,,,ZYK0010-7-S.jpg,,,,,,,,,,,,,,,,,,,,,,,,,,,
XL-អាវមុខគីគី,ZYK0010-7-XL,code128,,Cloth,pcs,pcs,pcs,0.67,2,,,,ZYK0010-7-XL.jpg,,,,,,,,,,,,,,,,,,,,,,,,,,,
XS-អាវមុខគីគី,ZYK0010-7-XS,code128,,Cloth,pcs,pcs,pcs,0.67,2,,,,ZYK0010-7-XS.jpg,,,,,,,,,,,,,,,,,,,,,,,,,,,
2XL-អាវមុខគីគី,ZYK0010-7-XXL,code128,,Cloth,pcs,pcs,pcs,0.67,2,,,,ZYK0010-7-XXL.jpg,,,,,,,,,,,,,,,,,,,,,,,,,,,
L-អាវមុខខ្លាឃ្មុំស,ZYK0010-8-L,code128,,Cloth,pcs,pcs,pcs,0.67,2,,,,ZYK0010-8-L.jpg,,,,,,,,,,,,,,,,,,,,,,,,,,,
M-អាវមុខខ្លាឃ្មុំស,ZYK0010-8-M,code128,,Cloth,pcs,pcs,pcs,0.67,2,,,,ZYK0010-8-M.jpg,,,,,,,,,,,,,,,,,,,,,,,,,,,
S-អាវមុខខ្លាឃ្មុំស,ZYK0010-8-S,code128,,Cloth,pcs,pcs,pcs,0.67,2,,,,ZYK0010-8-S.jpg,,,,,,,,,,,,,,,,,,,,,,,,,,,
XL-អាវមុខខ្លាឃ្មុំស,ZYK0010-8-XL,code128,,Cloth,pcs,pcs,pcs,0.67,2,,,,ZYK0010-8-XL.jpg,,,,,,,,,,,,,,,,,,,,,,,,,,,
XS-អាវមុខខ្លាឃ្មុំស,ZYK0010-8-XS,code128,,Cloth,pcs,pcs,pcs,0.67,2,,,,ZYK0010-8-XS.jpg,,,,,,,,,,,,,,,,,,,,,,,,,,,
2XL-អាវមុខខ្លាឃ្មុំស,ZYK0010-8-XXL,code128,,Cloth,pcs,pcs,pcs,0.67,2,,,,ZYK0010-8-XXL.jpg,,,,,,,,,,,,,,,,,,,,,,,,,,,
